sample_id,region,site,lat,lon,site_type,transect,site_category,depth,replicate,PO4,NH4,NO3.NO2,NO2,NO3
NUTS_#028,Dampier,Arborek,-0.5658881,130.5195259,reef,transect,village,5,r1,0.136,20.58,2.596,0.163,2.433
NUTS_#029,Dampier,Arborek,-0.5658881,130.5195259,reef,transect,village,5,tr,0.117,31.28,2.921,0.222,2.699
NUTS_#030,Dampier,Arborek,-0.5658881,130.5195259,reef,transect,village,10,r1,0.307,71.94,3.38,0.449,2.927
NUTS_#031,Dampier,Arborek,-0.5658881,130.5195259,reef,transect,village,10,tr,0.097,0.7,1.12,0.078,1.043
NUTS_#032,Dampier,Arborek,-0.5658881,130.5195259,reef,none,village,0,r1,0.067,1.28,0.48,0.041,0.442
NUTS_#033,Dampier,Arborek,-0.5658881,130.5195259,reef,none,village,0,tr,0.064,5.79,0.57,0.04,0.532
NUTS_#223,MisoolSouth,EpiCity,-2.248598,130.5666,reef,transect2,,5,r1,0.213,4.92,2.914,0.195,2.719
NUTS_#224,MisoolSouth,EpiCity,-2.248598,130.5666,reef,transect2,,5,tr,0.062,1.24,0.358,0.037,0.321
NUTS_#225,MisoolSouth,EpiCity,-2.248598,130.5666,reef,transect1,,10,r1,0.086,0.16,0.363,0.013,0.35
NUTS_#226,MisoolSouth,EpiCity,-2.248598,130.5666,reef,transect1,healthy,10,tr,0.199,5.4,1.56,0.221,1.339
NUTS_#048,Dampier,GracesWall,-0.6084588,130.5796969,reef,transect,healthy,5,r1,0.139,12.68,1.4,0.104,1.296
NUTS_#049,Dampier,GracesWall,-0.6084588,130.5796969,reef,transect,healthy,5,tr,0.117,0.92,1.42,0.083,1.334
NUTS_#050,Dampier,GracesWall,-0.6084588,130.5796969,reef,transect,healthy,10,r1,0.187,27.92,1.99,0.13,1.857
NUTS_#051,Dampier,GracesWall,-0.6084588,130.5796969,reef,transect,healthy,10,tr,0.125,0.78,1.41,0.079,1.332
NUTS_#154,MisoolNorth,HarapanJaya,-2.0427898,130.4095605,reef,none,village,0,r1,0.24,106.4,1.999,0.369,1.63
NUTS_#155,MisoolNorth,HarapanJaya,-2.0427898,130.4095605,reef,none,,0,tr,0.072,1.01,0.628,0.073,0.555
NUTS_#156,MisoolNorth,HarapanJaya,-2.0427898,130.4095605,reef,none,,0,r1,0.104,5.39,0.383,0.066,0.317
NUTS_#157,MisoolNorth,HarapanJaya,-2.0427898,130.4095605,reef,none,,0,tr,0.077,24.44,0.348,0.072,0.276
NUTS_#068,MisoolNorth,Kajerepop,-2.0305314,130.3842319,reef,none,village,0,r1,0.053,13.26,0.54,0.063,0.478
NUTS_#069,MisoolNorth,Kajerepop,-2.0305314,130.3842319,reef,none,,0,tr,0.053,1.43,0.49,0.055,0.435
NUTS_#070,MisoolNorth,Kajerepop,-2.0305314,130.3842319,reef,none,,2,r1,0.063,2.66,0.54,0.061,0.478
NUTS_#071,MisoolNorth,Kajerepop,-2.0305314,130.3842319,reef,none,,2,tr,0.065,2.39,0.53,0.061,0.464
NUTS_#072,MisoolNorth,Kajerepop,-2.0305314,130.3842319,reef,none,,0,r1,0.049,5.84,0.49,0.05,0.437
NUTS_#073,MisoolNorth,Kajerepop,-2.0305314,130.3842319,reef,none,,0,tr,0.09,11.95,0.56,0.048,0.507
NUTS_#211,MisoolSouth,KaligNorth,-2.218742,130.5384,reef,transect2,,5,r1,0.041,0.38,0.111,0.005,0.106
NUTS_#212,MisoolSouth,KaligNorth,-2.218742,130.5384,reef,transect2,,5,tr,0.127,3.44,1.541,0.091,1.45
NUTS_#213,MisoolSouth,KaligNorth,-2.218742,130.5384,reef,transect1,,10,r1,0.102,0.43,0.986,0.021,0.965
NUTS_#214,MisoolSouth,KaligNorth,-2.218742,130.5384,reef,transect1,,10,tr,0.164,12.79,2.956,0.307,2.649
NUTS_#215,MisoolSouth,KaligRHM,-2.219572,130.5473,reef,transect2,,5,r1,0.102,0.13,0.426,0.018,0.408
NUTS_#216,MisoolSouth,KaligRHM,-2.219572,130.5473,reef,transect2,,5,tr,0.165,16.14,2.732,0.18,2.552
NUTS_#217,MisoolSouth,KaligRHM,-2.219572,130.5473,reef,transect1,,10,r1,0.15,5.41,2.125,0.132,1.993
NUTS_#218,MisoolSouth,KaligRHM,-2.219572,130.5473,reef,transect1,,10,tr,0.082,4.26,1.119,0.235,0.884
NUTS_#024,Dampier,LumbaLumba,-0.5644414,130.6666718,reef,transect,village,10,r1,0.095,0.64,0.736,0.051,0.685
NUTS_#025,Dampier,LumbaLumba,-0.5644414,130.6666718,reef,transect,village,10,tr,0.082,0.68,0.747,0.05,0.697
NUTS_#026,Dampier,LumbaLumba,-0.5644414,130.6666718,reef,transect,village,5,r1,0.114,0.62,1.342,0.083,1.259
NUTS_#027,Dampier,LumbaLumba,-0.5644414,130.6666718,reef,transect,village,5,tr,0.126,0.83,1.334,0.083,1.251
NUTS_#146,MisoolNorth,mangrove,-2.0078722,130.3956849,reef,none,other,0,r1,0.111,15.1,1.025,0.197,0.828
NUTS_#147,MisoolNorth,mangrove,-2.0078722,130.3956849,reef,none,,0,tr,0.111,9.84,0.992,0.192,0.8
NUTS_#148,MisoolNorth,mangrove,-2.0078722,130.3956849,reef,none,,0,r1,0.105,3,0.979,0.184,0.795
NUTS_#149,MisoolNorth,mangrove,-2.0078722,130.3956849,reef,none,,0,tr,0.093,0.88,0.977,0.182,0.795
NUTS_#231,MisoolSouth,MERBay,-2.2191,130.547958,reef,none,resort,0,r1,0.17,2.16,2.535,0.109,2.426
NUTS_#232,MisoolSouth,MERBay,-2.2191,130.547958,reef,none,resort,0,tr,0.209,7.65,5.16,0.14,5.02
NUTS_#227,MisoolSouth,MERHR,-2.242692,130.5557,reef,transect2,resort,5,r1,0.091,0.2,0.159,0.01,0.149
NUTS_#228,MisoolSouth,MERHR,-2.242692,130.5557,reef,transect2,resort,5,tr,0.124,0.78,0.489,0.025,0.464
NUTS_#229,MisoolSouth,MERStaffHQ,-2.24271,130.5544,reef,transect1,resort,10,r1,0.091,0.2,0.184,0.009,0.175
NUTS_#230,MisoolSouth,MERStaffHQ,-2.24271,130.5544,reef,transect1,resort,10,tr,0.091,0.21,0.148,0.006,0.142
NUTS_#233,MisoolSouth,MERVilla,-2.244428,130.55625,reef,none,resort,0,r1,0.145,0.76,0.889,0.058,0.831
NUTS_#234,MisoolSouth,MERVilla,-2.244428,130.55625,reef,none,resort,0,tr,0.141,5.41,1.599,0.414,1.185
NUTS_#235,MisoolSouth,MERWorkshop,-2.24162,130.5507,reef,none,resort,0,r1,0.1,0.26,0.223,0.011,0.212
NUTS_#236,MisoolSouth,MERWorkshop,-2.24162,130.5507,reef,none,resort,0,tr,0.058,0.49,0.215,0.029,0.186
NUTS_#044,Dampier,MiosKon,-0.497327,130.727396,reef,transect,open_reef,5,r1,0.111,0.46,0.93,0.105,0.825
NUTS_#045,Dampier,MiosKon,-0.497327,130.727396,reef,transect,open_reef,5,tr,0.129,0.69,0.91,0.104,0.809
NUTS_#046,Dampier,MiosKon,-0.497327,130.727396,reef,transect,open_reef,10,r1,0.127,0.66,1.26,0.119,1.136
NUTS_#047,Dampier,MiosKon,-0.497327,130.727396,reef,transect,open_reef,10,tr,0.148,17.91,1.12,0.121,0.996
NUTS_#052,MisoolNorth,MIS01,-1.9835,130.51658,lake,center,medium,0,r1,0.006,0.6,0.51,0.041,0.473
NUTS_#053,MisoolNorth,MIS01,-1.9835,130.51658,lake,center,,0,tr,0.005,3.67,0.53,0.041,0.487
NUTS_#054,MisoolNorth,MIS01,-1.9835,130.51658,lake,transect1,,1,r1,0.002,9.11,1.04,0.121,0.92
NUTS_#055,MisoolNorth,MIS01,-1.9835,130.51658,lake,transect1,,1,tr,0.001,5.87,0.85,0.119,0.732
NUTS_#056,MisoolNorth,MIS01,-1.9835,130.51658,lake,center,,6,r1,0.003,5.12,1.02,0.093,0.929
NUTS_#057,MisoolNorth,MIS01,-1.9835,130.51658,lake,center,,6,tr,0,2.1,0.72,0.056,0.667
NUTS_#058,MisoolNorth,MIS01,-1.9835,130.51658,lake,transect2,,0,r1,0,6.39,1.02,0.11,0.914
NUTS_#059,MisoolNorth,MIS01,-1.9835,130.51658,lake,transect2,,0,tr,0,1.23,1.02,0.104,0.917
NUTS_#094,MisoolNorth,MIS06,-1.95438,130.42694,lake,transect1,high,1,r1,0.142,17.41,1.89,0.087,1.798
NUTS_#095,MisoolNorth,MIS06,-1.95438,130.42694,lake,transect1,,1,tr,0.225,3.95,2.51,0.113,2.397
NUTS_#096,MisoolNorth,MIS06,-1.95438,130.42694,lake,center,,6,r1,0.12,1.88,2.268,0.142,2.126
NUTS_#097,MisoolNorth,MIS06,-1.95438,130.42694,lake,center,,6,tr,0.134,24.23,2.107,0.187,1.92
NUTS_#098,MisoolNorth,MIS06,-1.95438,130.42694,lake,center,,0,r1,0.096,4.84,1.939,0.097,1.842
NUTS_#099,MisoolNorth,MIS06,-1.95438,130.42694,lake,center,,0,tr,0.132,10.68,1.475,0.068,1.407
NUTS_#100,MisoolNorth,MIS06,-1.95438,130.42694,lake,transect2,,1,r1,0.241,0.91,2.434,0.123,2.311
NUTS_#101,MisoolNorth,MIS06,-1.95438,130.42694,lake,transect2,,1,tr,0.16,93.4,2.307,0.197,2.11
NUTS_#118,MisoolNorth,MIS14,-1.95663,130.39644,lake,center,low,0,r1,0.041,2,7.616,0.042,7.574
NUTS_#119,MisoolNorth,MIS14,-1.95663,130.39644,lake,center,,0,tr,0.039,9.66,7.574,0.074,7.5
NUTS_#120,MisoolNorth,MIS14,-1.95663,130.39644,lake,center,,7,r1,0.005,12.11,0.701,0.057,0.644
NUTS_#121,MisoolNorth,MIS14,-1.95663,130.39644,lake,center,,7,tr,0.005,4.61,0.685,0.046,0.639
NUTS_#122,MisoolNorth,MIS14,-1.95663,130.39644,lake,transect1,,1,r1,0.005,4.56,1.625,0.051,1.574
NUTS_#123,MisoolNorth,MIS14,-1.95663,130.39644,lake,transect1,,1,tr,0.007,3.53,1.616,0.051,1.565
NUTS_#124,MisoolNorth,MIS14,-1.95663,130.39644,lake,transect2,,1,r1,0.009,2.17,1.641,0.049,1.592
NUTS_#125,MisoolNorth,MIS14,-1.95663,130.39644,lake,transect2,,1,tr,0.01,6.7,1.231,0.063,1.168
NUTS_#060,MisoolNorth,MIS17,-1.9385,130.37397,lake,transect1,low,1,r1,0.014,3.11,0.82,0.107,0.714
NUTS_#061,MisoolNorth,MIS17,-1.9385,130.37397,lake,transect1,,1,tr,0.007,0.85,0.68,0.095,0.584
NUTS_#062,MisoolNorth,MIS17,-1.9385,130.37397,lake,center,,5,r1,0.009,2.57,0.26,0.027,0.228
NUTS_#063,MisoolNorth,MIS17,-1.9385,130.37397,lake,center,,5,tr,0.013,1.89,0.24,0.024,0.22
NUTS_#064,MisoolNorth,MIS17,-1.9385,130.37397,lake,transect2,,1,r1,0.018,3.43,0.61,0.085,0.528
NUTS_#065,MisoolNorth,MIS17,-1.9385,130.37397,lake,transect2,,1,tr,0.019,1.2,0.6,0.085,0.517
NUTS_#066,MisoolNorth,MIS17,-1.9385,130.37397,lake,center,,0,r1,0.005,1.09,0.04,0.018,0.024
NUTS_#067,MisoolNorth,MIS17,-1.9385,130.37397,lake,center,,0,tr,0.004,0.48,0.04,0.014,0.027
NUTS_#106,MisoolNorth,MIS20,-1.95147,130.37086,lake,transect1,medium,1,r1,0.01,9.37,0.159,0.009,0.15
NUTS_#107,MisoolNorth,MIS20,-1.95147,130.37086,lake,transect1,,1,tr,0.015,0.78,0.148,0.011,0.137
NUTS_#108,MisoolNorth,MIS20,-1.95147,130.37086,lake,center,,0,r1,0.016,0.93,0.437,0.032,0.405
NUTS_#109,MisoolNorth,MIS20,-1.95147,130.37086,lake,center,,0,tr,0.022,6.46,0.456,0.042,0.414
NUTS_#110,MisoolNorth,MIS20,-1.95147,130.37086,lake,center,,5,r1,0.015,1.8,0.06,0.005,0.055
NUTS_#111,MisoolNorth,MIS20,-1.95147,130.37086,lake,center,,5,tr,0.013,5.61,0.022,0.005,0.017
NUTS_#112,MisoolNorth,MIS20,-1.95147,130.37086,lake,transect2,,2,r1,0.005,4.17,0.09,0.009,0.081
NUTS_#113,MisoolNorth,MIS20,-1.95147,130.37086,lake,transect2,,2,tr,0.008,1.39,0.039,0.008,0.031
NUTS_#086,MisoolNorth,MIS23,-1.97861,130.48303,lake,transect2,high,0.5,r1,0.255,11.97,2.75,0.182,2.565
NUTS_#087,MisoolNorth,MIS23,-1.97861,130.48303,lake,transect2,,0.5,tr,0.178,4.71,2.75,0.18,2.57
NUTS_#088,MisoolNorth,MIS23,-1.97861,130.48303,lake,transect1,,0.5,r1,0.178,3.85,2.88,0.181,2.701
NUTS_#089,MisoolNorth,MIS23,-1.97861,130.48303,lake,transect1,,0.5,tr,0.164,5.02,2.91,0.181,2.724
NUTS_#090,MisoolNorth,MIS23,-1.97861,130.48303,lake,center,,3,r1,0.183,14.69,1.74,0.151,1.592
NUTS_#091,MisoolNorth,MIS23,-1.97861,130.48303,lake,center,,3,tr,0.204,8.42,1.23,0.107,1.12
NUTS_#092,MisoolNorth,MIS23,-1.97861,130.48303,lake,center,,0,r1,0.112,15.4,1.9,0.089,1.809
NUTS_#093,MisoolNorth,MIS23,-1.97861,130.48303,lake,center,,0,tr,0.159,7.66,2.72,0.131,2.589
NUTS_#126,MisoolNorth,MIS26,-1.99513,130.56277,lake,transect1,high,2,r1,0.108,0.49,1.588,0.077,1.511
NUTS_#127,MisoolNorth,MIS26,-1.99513,130.56277,lake,transect1,,2,tr,0.066,5.68,1.689,0.096,1.593
NUTS_#128,MisoolNorth,MIS26,-1.99513,130.56277,lake,transect2,,2,r1,0.122,0.29,1.501,0.101,1.4
NUTS_#129,MisoolNorth,MIS26,-1.99513,130.56277,lake,transect2,,2,tr,0.096,1.2,1.685,0.116,1.569
NUTS_#130,MisoolNorth,MIS26,-1.99513,130.56277,lake,center,,5,r1,0.095,31.34,0.793,0.079,0.714
NUTS_#131,MisoolNorth,MIS26,-1.99513,130.56277,lake,center,,5,tr,0.118,51.1,1.331,0.25,1.081
NUTS_#132,MisoolNorth,MIS26,-1.99513,130.56277,lake,center,,0,r1,0.147,3.77,2.542,0.127,2.415
NUTS_#133,MisoolNorth,MIS26,-1.99513,130.56277,lake,center,,0,tr,0.108,2.55,2.7,0.127,2.573
NUTS_#074,MisoolNorth,MIS27,-2.00222,130.6284,lake,transect1,high,1,r1,0.093,3.03,0.78,0.057,0.718
NUTS_#075,MisoolNorth,MIS27,-2.00222,130.6284,lake,transect1,,1,tr,0.078,1.06,0.79,0.06,0.726
NUTS_#076,MisoolNorth,MIS27,-2.00222,130.6284,lake,center,,0,r1,0.119,0.64,1.15,0.039,1.115
NUTS_#077,MisoolNorth,MIS27,-2.00222,130.6284,lake,center,,0,tr,0.11,0.61,1.14,0.037,1.104
NUTS_#078,MisoolNorth,MIS27,-2.00222,130.6284,lake,transect2,,0,r1,0.032,1.02,0.37,0.021,0.345
NUTS_#079,MisoolNorth,MIS27,-2.00222,130.6284,lake,transect2,,0,tr,0.036,1.92,0.33,0.02,0.305
NUTS_#080,MisoolNorth,MIS27,-2.00222,130.6284,lake,center,,3,r1,0.035,1.34,0.08,0.012,0.066
NUTS_#081,MisoolNorth,MIS27,-2.00222,130.6284,lake,center,,3,tr,0.048,0.39,0.06,0.012,0.049
NUTS_#178,MisoolSouth,MIS31,-2.220897,130.5264,lake,transect1,medium,0.7,r1,0.053,0.29,0.804,0.037,0.767
NUTS_#179,MisoolSouth,MIS31,-2.220897,130.5264,lake,transect1,,0.7,tr,0.054,0.23,0.77,0.037,0.733
NUTS_#180,MisoolSouth,MIS31,-2.220897,130.5264,lake,center,,1,r1,0.014,1.48,1.125,0.038,1.087
NUTS_#181,MisoolSouth,MIS31,-2.220897,130.5264,lake,center,,1,tr,0.02,0.51,0.879,0.033,0.846
NUTS_#182,MisoolSouth,MIS31,-2.220897,130.5264,lake,center,,7.6,r1,0.248,0.34,0.289,0.057,0.232
NUTS_#183,MisoolSouth,MIS31,-2.220897,130.5264,lake,center,,7.6,tr,0.445,6.46,8.908,0.108,8.8
NUTS_#184,MisoolSouth,MIS31,-2.220897,130.5264,lake,transect2,,0.7,r1,0.136,2.46,5.114,0.069,5.045
NUTS_#185,MisoolSouth,MIS31,-2.220897,130.5264,lake,transect2,,0.7,tr,0.044,0.54,0.679,0.04,0.639
NUTS_#170,MisoolSouth,MIS40,-2.220715,130.533,lake,transect2,medium,1.4,r1,0.317,1.91,2.574,0.14,2.434
NUTS_#171,MisoolSouth,MIS40,-2.220715,130.533,lake,transect2,,1.4,tr,0.305,3.23,3.538,0.191,3.347
NUTS_#172,MisoolSouth,MIS40,-2.220715,130.533,lake,center,,0,r1,0.32,0.51,4.916,0.136,4.78
NUTS_#173,MisoolSouth,MIS40,-2.220715,130.533,lake,center,,0,tr,0.202,0.67,2.951,0.078,2.873
NUTS_#174,MisoolSouth,MIS40,-2.220715,130.533,lake,center,,4.1,r1,0.308,2.48,3.244,0.113,3.131
NUTS_#175,MisoolSouth,MIS40,-2.220715,130.533,lake,center,,4.4,tr,0.336,2.24,3.45,0.153,3.297
NUTS_#176,MisoolSouth,MIS40,-2.220715,130.533,lake,transect1,,0.75,r1,0.353,1.35,3.391,0.221,3.17
NUTS_#177,MisoolSouth,MIS40,-2.220715,130.533,lake,transect1,,0.75,tr,0.261,2.98,2.728,0.183,2.545
NUTS_#186,MisoolSouth,MIS40-Lagoon,-2.220845,130.53,lagoon,transect1,other,1,r1,0.157,1.41,1.213,0.078,1.135
NUTS_#187,MisoolSouth,MIS40-Lagoon,-2.220845,130.53,lagoon,transect1,,1,tr,0.144,0.2,0.816,0.067,0.749
NUTS_#188,MisoolSouth,MIS40-Lagoon,-2.220845,130.53,lagoon,transect2,,0.7,r1,0.221,1.31,3.008,0.127,2.881
NUTS_#189,MisoolSouth,MIS40-Lagoon,-2.220845,130.53,lagoon,transect2,,0.7,tr,0.148,0.34,1.214,0.067,1.147
NUTS_#190,MisoolSouth,MIS40-Lagoon,-2.220845,130.53,lagoon,transect2,,2.5,r1,0.133,0.15,0.907,0.069,0.838
NUTS_#191,MisoolSouth,MIS40-Lagoon,-2.220845,130.53,lagoon,transect2,,2.5,tr,0.157,0.15,0.869,0.07,0.799
NUTS_#192,MisoolSouth,MIS40-Lagoon,-2.220845,130.53,lagoon,transect1,,3.5,r1,0.143,1.54,0.973,0.072,0.901
NUTS_#193,MisoolSouth,MIS40-Lagoon,-2.220845,130.53,lagoon,transect1,,3.5,tr,0.144,0.34,0.718,0.071,0.647
NUTS_#017,Dampier,NewReef,-0.54313,130.693149,reef,transect1,healthy,5,r1,0.106,3.25,1.014,0.081,0.933
NUTS_#018,Dampier,NewReef,-0.54313,130.693149,reef,transect1,healthy,5,tr,0.627,28.55,1.74,0.15,1.59
NUTS_#001,Dampier,RAJ04,-0.58975,130.59555,lake,center,low,0,r1,0.01,1.98,0.272,0.006,0.266
NUTS_#002,Dampier,RAJ04,-0.58975,130.59555,lake,center,low,0,tr,0.011,5.06,0.318,0.027,0.291
NUTS_#003,Dampier,RAJ04,-0.58975,130.59555,lake,center,low,4,r1,0.006,0.99,0.056,-0.002,0.058
NUTS_#004,Dampier,RAJ04,-0.58975,130.59555,lake,center,low,4,tr,0.005,1.59,0.06,-0.004,0.064
NUTS_#005,Dampier,RAJ04,-0.58975,130.59555,lake,transect1,low,0.5,r1,0.007,17.17,0.063,0.007,0.056
NUTS_#006,Dampier,RAJ04,-0.58975,130.59555,lake,transect1,low,0.5,tr,0.005,2.74,0.074,0.014,0.06
NUTS_#007,Dampier,RAJ04,-0.58975,130.59555,lake,transect2,low,0.5,r1,0.008,10.63,1.054,0.136,0.918
NUTS_#008,Dampier,RAJ04,-0.58975,130.59555,lake,transect2,low,0.5,tr,0.031,6.32,1.003,0.12,0.883
NUTS_#009,Dampier,RAJ13,-0.44166,130.68558,lake,center,low,0.5,r1,0.031,1.34,0.33,0.038,0.292
NUTS_#010,Dampier,RAJ13,-0.44166,130.68558,lake,center,high,0.5,tr,0.032,0.99,0.324,0.04,0.284
NUTS_#011,Dampier,RAJ13,-0.44166,130.68558,lake,center,high,4,r1,0.052,1.48,0.253,0.042,0.211
NUTS_#012,Dampier,RAJ13,-0.44166,130.68558,lake,center,high,4,tr,0.057,1.62,0.245,0.042,0.203
NUTS_#013,Dampier,RAJ13,-0.44166,130.68558,lake,transect1,high,0.5,r1,0.033,1.86,0.165,0.039,0.126
NUTS_#014,Dampier,RAJ13,-0.44166,130.68558,lake,transect1,high,0.5,tr,0.028,0.6,0.161,0.041,0.12
NUTS_#015,Dampier,RAJ13,-0.44166,130.68558,lake,transect2,high,0.5,r1,0.06,1,1.009,0.212,0.797
NUTS_#016,Dampier,RAJ13,-0.44166,130.68558,lake,transect2,high,0.5,tr,0.053,0.97,0.782,0.157,0.625
NUTS_#209,MisoolSouth,Sabenibnu,-2.172635,130.6076,reef,transect1,,5,r1,0.382,6.83,1.47,0.106,1.364
NUTS_#210,MisoolSouth,Sabenibnu,-2.172635,130.6076,reef,transect1,,5,tr,0.172,2.41,1.361,0.106,1.255
NUTS_#040,Dampier,SoridoBay,-0.5558377,130.687022,reef,transect,resort,5,r1,0.174,13.64,1.95,0.106,1.843
NUTS_#041,Dampier,SoridoBay,-0.5558377,130.687022,reef,transect,resort,5,tr,0.209,36.49,3.12,0.101,3.017
NUTS_#042,Dampier,SoridoBay,-0.5558377,130.687022,reef,transect,resort,10,r1,0.188,2.59,2.46,0.119,2.339
NUTS_#043,Dampier,SoridoBay,-0.5558377,130.687022,reef,transect,resort,10,tr,0.186,1.01,2.63,0.125,2.5
NUTS_#036,Dampier,SouthKri,-0.55871,130.6878067,reef,transect,resort,5,r1,0.139,1.5,1.63,0.165,1.466
NUTS_#037,Dampier,SouthKri,-0.55871,130.6878067,reef,transect,resort,5,tr,0.17,3.19,2.15,0.225,1.928
NUTS_#038,Dampier,SouthKri,-0.55871,130.6878067,reef,transect,resort,10,r1,0.185,0.39,2.42,0.192,2.224
NUTS_#039,Dampier,SouthKri,-0.55871,130.6878067,reef,transect,resort,10,tr,0.17,0.64,2.09,0.167,1.927
NUTS_#138,MisoolNorth,UsahaJaya,-1.9884982,130.4203772,reef,none,village,0,r1,0.095,1.47,0.892,0.107,0.785
NUTS_#139,MisoolNorth,UsahaJaya,-1.9884982,130.4203772,reef,none,,0,tr,0.188,3.71,0.895,0.107,0.788
NUTS_#140,MisoolNorth,UsahaJaya,-1.9884982,130.4203772,reef,none,,0,r1,0.11,0.8,0.587,0.098,0.489
NUTS_#141,MisoolNorth,UsahaJaya,-1.9884982,130.4203772,reef,none,,0,tr,0.117,0.1,0.604,0.092,0.512
NUTS_#195,MisoolSouth,WAR03,-2.248055,130.5746,lake,center,low,6.4,r1,0.047,3.48,1.225,0.071,1.154
NUTS_#196,MisoolSouth,WAR03,-2.248055,130.5746,lake,center,,6.4,tr,0.105,6.57,4.48,0.12,4.36
NUTS_#197,MisoolSouth,WAR03,-2.248055,130.5746,lake,transect2,,1,r1,0,3.58,1.519,0.088,1.431
NUTS_#198,MisoolSouth,WAR03,-2.248055,130.5746,lake,transect2,,1,tr,0.115,3.83,2.338,0.165,2.173
NUTS_#199,MisoolSouth,WAR03,-2.248055,130.5746,lake,center,,0.7,r1,0.008,0.99,1.901,0.109,1.792
NUTS_#200,MisoolSouth,WAR03,-2.248055,130.5746,lake,center,,0.7,tr,0.005,0.92,1.877,0.108,1.769
NUTS_#201,MisoolSouth,WAR03,-2.248055,130.5746,lake,transect1,,1,r1,0.006,3.06,2.126,0.133,1.993
NUTS_#202,MisoolSouth,WAR03,-2.248055,130.5746,lake,transect1,,1,tr,0.005,4.28,1.665,0.101,1.564
NUTS_#203,MisoolSouth,WAR03,-2.248055,130.5746,lake,center,,7.2,r1,0.065,8.11,1.958,0.14,1.818
NUTS_#204,MisoolSouth,WAR03,-2.248055,130.5746,lake,center,,7.2,tr,0.02,5.59,0.667,0.049,0.618
NUTS_#219,MisoolSouth,WarakaketN,-2.245255,130.5872,reef,transect2,,5,r1,0.097,0.29,0.684,0.025,0.659
NUTS_#220,MisoolSouth,WarakaketN,-2.245255,130.5872,reef,transect2,,5,tr,0.082,6.45,0.775,0.13,0.645
NUTS_#221,MisoolSouth,WarakaketN,-2.245255,130.5872,reef,transect1,,10,r1,0.06,1.99,0.582,0.076,0.506
NUTS_#222,MisoolSouth,WarakaketN,-2.245255,130.5872,reef,transect1,,10,tr,0.096,0.14,0.411,0.015,0.396
NUTS_#205,MisoolSouth,Yellit,-2.189025,130.6001,reef,transect1,,10,r1,0.093,0.76,0.373,0.025,0.348
NUTS_#206,MisoolSouth,Yellit,-2.189025,130.6001,reef,transect1,,10,tr,0.093,0.31,0.396,0.031,0.365
NUTS_#207,MisoolSouth,Yellit,-2.189025,130.6001,reef,transect2,,5,r1,0.118,2.61,0.909,0.054,0.855
NUTS_#208,MisoolSouth,Yellit,-2.189025,130.6001,reef,transect2,,5,tr,0.112,1.87,0.6,0.036,0.564
NUTS_#150,MisoolNorth,Yellu,-2.0565949,130.4131247,reef,none,village,0,r1,0.074,8.62,0.416,0.075,0.341
NUTS_#151,MisoolNorth,Yellu,-2.0565949,130.4131247,reef,none,,0,tr,0.04,13.44,0.254,0.046,0.208
NUTS_#152,MisoolNorth,Yellu,-2.0565949,130.4131247,reef,none,,0,r1,0.046,3.97,0.197,0.053,0.144
NUTS_#153,MisoolNorth,Yellu,-2.0565949,130.4131247,reef,none,,0,tr,0.051,1.1,0.197,0.051,0.146
NUTS_#019,Dampier,Yenbuba,-0.5698323,130.657546,reef,transect,village,10,r1,0.1,3.42,0.911,0.053,0.858
NUTS_#020,Dampier,Yenbuba,-0.5698323,130.657546,reef,transect,village,10,tr,0.108,0.95,0.918,0.049,0.869
NUTS_#022,Dampier,Yenbuba,-0.5698323,130.657546,reef,transect,village,5,r1,0.114,2.45,1.213,0.067,1.146
NUTS_#023,Dampier,Yenbuba,-0.5698323,130.657546,reef,transect,village,5,tr,0.096,0.97,1.219,0.068,1.151
