"","NMDS1","NMDS2","otu","pval"
"Otu0001",0.316947646426105,0.264181608118568,"Otu0001",0.001
"Otu0002",-0.462827105918956,0.53639166962778,"Otu0002",0.001
"Otu0007",0.42019397720418,0.375598339585806,"Otu0007",0.001
"Otu0014",0.869362916690874,0.674471472503876,"Otu0014",0.001
"Otu0016",0.494423294779317,-0.192332050901484,"Otu0016",0.001
"Otu0030",0.146005648886834,-0.167215121213679,"Otu0030",0.001
"Otu0041",0.0387793167351353,-0.186131139694369,"Otu0041",0.001
"Otu0050",0.424390353796123,-0.253665087547581,"Otu0050",0.001
"Otu0054",-0.297104004413057,-0.103040903228233,"Otu0054",0.001
"Otu0062",1.14772741246188,-0.254302364009074,"Otu0062",0.001
"Otu0065",0.29863065140836,-0.110308630461244,"Otu0065",0.001
"Otu0066",-0.489744484880877,-0.235728893103127,"Otu0066",0.001
"Otu0067",-0.308375002443058,-0.096952483870441,"Otu0067",0.001
"Otu0099",-0.261183776577821,-0.0853961088097003,"Otu0099",0.001
"Otu0121",-0.0930424899165247,-0.222353806025631,"Otu0121",0.001
"Otu0129",-0.225754220458715,-0.110741138283156,"Otu0129",0.001
"Otu0130",0.799598779275007,0.6000896629774,"Otu0130",0.001
"Otu0131",0.747022871101225,0.768484856786351,"Otu0131",0.001
"Otu0133",-0.242792294355483,-0.146699227121636,"Otu0133",0.001
"Otu0136",0.441817751853322,-0.00284375106835537,"Otu0136",0.001
"Otu0140",-0.325749406349512,-0.10418554170192,"Otu0140",0.001
"Otu0143",0.232644658214762,-0.143101241557485,"Otu0143",0.001
"Otu0150",-0.260205316734473,-0.186272874082135,"Otu0150",0.001
"Otu0157",1.23640635592238,-0.237255506531895,"Otu0157",0.001
"Otu0159",1.20203821391074,-0.341304302545271,"Otu0159",0.001
"Otu0170",0.15762773483892,-0.224944539879803,"Otu0170",0.001
"Otu0173",0.795599770503114,0.601985745580321,"Otu0173",0.001
"Otu0175",-0.566643327245585,-0.153724349012101,"Otu0175",0.001
"Otu0177",0.742665179492168,-0.200016113926577,"Otu0177",0.001
"Otu0185",-0.604879181316704,-0.222600712304374,"Otu0185",0.001
"Otu0193",0.237892086832602,-0.187180653656795,"Otu0193",0.001
"Otu0212",0.665580779049211,-0.013947138925753,"Otu0212",0.001
"Otu0230",-0.143240574301204,-0.277722170371581,"Otu0230",0.001
"Otu0232",-0.38589376794788,0.0209481468193116,"Otu0232",0.001
"Otu0241",0.356298690070457,-0.22180584966585,"Otu0241",0.001
"Otu0245",1.12862538979563,-0.263177177280461,"Otu0245",0.001
"Otu0250",-0.104694751884519,-0.357112498224995,"Otu0250",0.001
"Otu0257",0.948817449847052,0.763873304041776,"Otu0257",0.001
"Otu0296",1.33189868776378,-0.249838872424931,"Otu0296",0.001
"Otu0298",1.3925079166244,-0.399268464078328,"Otu0298",0.001
"Otu0299",1.4273468929094,-0.455877667935628,"Otu0299",0.001
"Otu0301",-0.185455728439595,-0.243208564819335,"Otu0301",0.001
"Otu0303",-0.338310547393013,-0.216797454621743,"Otu0303",0.001
"Otu0344",-0.221758531195832,-0.244653524362173,"Otu0344",0.001
"Otu0351",-0.237233157407791,-0.24037608951358,"Otu0351",0.001
"Otu0372",-0.253786999761855,-0.123338576387382,"Otu0372",0.001
"Otu0392",0.812675122910716,0.618627827383605,"Otu0392",0.001
"Otu0406",-0.274699573542813,-0.286564902617881,"Otu0406",0.001
"Otu0408",1.41042980713945,-0.425546331705496,"Otu0408",0.001
"Otu0413",-0.228730959271332,-0.23914627559479,"Otu0413",0.001
"Otu0431",0.861201042350455,0.654994030461549,"Otu0431",0.001
"Otu0451",1.41353944561921,-0.436548978123888,"Otu0451",0.001
"Otu0474",0.279747691969471,-0.19155126440034,"Otu0474",0.001
"Otu0486",0.653015854576319,-0.0619187577094043,"Otu0486",0.001
"Otu0497",0.908582130758926,0.151165269969739,"Otu0497",0.001
"Otu0500",-0.401762286418934,-0.167450798125109,"Otu0500",0.001
"Otu0510",-0.113839606740769,-0.504855413716489,"Otu0510",0.001
"Otu0514",0.926956779284745,-0.393201330298672,"Otu0514",0.001
"Otu0549",1.28176652315101,-0.279461794763211,"Otu0549",0.001
"Otu0575",0.863493961540747,0.645448405930522,"Otu0575",0.001
"Otu0600",1.42230953422959,-0.429920870219818,"Otu0600",0.001
"Otu0601",-0.306191615048325,-0.217386966152703,"Otu0601",0.001
"Otu0673",0.411741588301107,-0.241392556179003,"Otu0673",0.001
"Otu0711",1.20001901527243,-0.322565854372297,"Otu0711",0.001
"Otu0727",-0.0147870901534408,-0.866596429477723,"Otu0727",0.001
"Otu0759",0.920789353255911,0.692852803336767,"Otu0759",0.001
"Otu0766",0.199382440373734,-0.201341050344717,"Otu0766",0.001
"Otu0786",-0.36027187092618,-0.251798608087575,"Otu0786",0.001
"Otu0801",0.818406715694329,0.633789737449068,"Otu0801",0.001
"Otu0814",1.16278788558043,-0.189842343925852,"Otu0814",0.001
"Otu0854",0.864139536751388,0.628124512977211,"Otu0854",0.001
"Otu0886",0.80674511341464,0.617572049159135,"Otu0886",0.001
"Otu0927",1.34087563230865,-0.200537947136526,"Otu0927",0.001
"Otu1060",1.38856289995468,-0.365473322107818,"Otu1060",0.001
"Otu1137",1.22487931935697,-0.0479885906963396,"Otu1137",0.001
"Otu1235",1.38907620465247,-0.287636027763687,"Otu1235",0.001
"Otu1257",0.318553111120642,-0.349142615027562,"Otu1257",0.001
"Otu1300",0.380802964717817,0.336371331268989,"Otu1300",0.001
"Otu1303",1.44387608288749,-0.506142219306793,"Otu1303",0.001
"Otu1468",-0.750460859810371,1.12333832214595,"Otu1468",0.001
"Otu1521",0.613864712604443,-0.149480624410308,"Otu1521",0.001
"Otu1562",0.899527529245024,0.586564748930259,"Otu1562",0.001
"Otu1643",0.423414150103953,-0.19263301314778,"Otu1643",0.001
"Otu1817",1.44188480161772,-0.48235856155271,"Otu1817",0.001
"Otu1864",0.638721165954446,-0.258379838926425,"Otu1864",0.001
"Otu2309",0.708789259892289,-0.304769940049892,"Otu2309",0.001
"Otu2348",-0.595855177930251,0.794986992515079,"Otu2348",0.001
"Otu2786",0.63628550841446,-0.217234990779589,"Otu2786",0.001
"Otu2962",0.503071702025333,0.513686521471275,"Otu2962",0.001
"Otu3027",0.885865179673398,0.832780859932951,"Otu3027",0.001
"Otu3189",0.836717379123177,-0.0402446048830533,"Otu3189",0.001
"Otu3215",0.634129582084671,-0.192759941008307,"Otu3215",0.001
"Otu3277",1.10329216143048,-0.321610241568999,"Otu3277",0.001
"Otu3316",0.990112694280876,0.335500543627617,"Otu3316",0.001
"Otu3340",0.624359931119238,0.754510255794747,"Otu3340",0.001
"Otu3352",0.727213160187125,0.598354805174573,"Otu3352",0.001
"Otu3444",0.396574720495073,-0.215443051337754,"Otu3444",0.001
"Otu3583",0.84236139949591,0.791496333773453,"Otu3583",0.001
"Otu3584",0.610028160013837,0.614668456469894,"Otu3584",0.001
